Root,Sample Word,Sample Word Meaning
آدَم‎, آدَم,Adam
آزَر‎, آزَر,Azar
أَبَارِيق‎, أَبَارِيق,"jugs, pitchers"
أ ب ب‎, أَبّ,"grass, herbage, pasture"
أ ب د‎, أَبَدًا,"forever, ever"
إِبْرَاهِيم‎, إِبْرَاهِيم,Ibrahim
أ ب ق‎, أَبَقَ,"to run away, to flee"
أ ب ل‎, أَبَابِيل,flocks
إِبْلِيس‎, إِبْلِيس,Iblis
أ ب و‎, آبَاء,"forefathers, fathers, parents"
أ ب ي‎, أَبَى,to refuse
أ ت ي‎, أَتَى,"to come, to bring"
أ ث ث‎, أَثَٰث,"furnishings, possessions, wealth"
أ ث ر‎, يُؤْثَرُ,"to transmit, to be related"
أ ث ل‎, أَثْل,tamarisk
أ ث م‎, إِثْم,sin
أ ج ج‎, أُجَاج,"salty, bitter"
أ ج ر‎, تَأْجُرَ,to work for recompense
أ ج ل‎, أَجَّلَ,to appoint
أ ح د‎, أَحَد,"one, anyone"
أ خ ذ‎, أَخَذَ,"to take, to seize"
أ خ ر‎, أَخَّرَ,"to delay, to give respite"
أ خ و‎, أَخ,brother
أ د د‎, إِدّ,atrocious
أ د ي‎, يُؤَدِّ,"to discharge, to deliver"
إِذ‎, إِذ,when
إِذَا‎, إِذَا,when
إِذًا‎, إِذًا,then
أ ذ ن‎, أَذِنَ,to permit
أ ذ ي‎, أُوذِىَ,"to harm, to trouble"
أ ر ب‎, إِرْبَة,physical desire
أ ر ض‎, أَرْض,"the Earth, land"
أ ر ك‎, أَرَآئِك,"couches, thrones"
إِرَم‎, إِرَم,Iram
أ ز ر‎, آزَرَ,to strengthen
أ ز ز‎, تَؤُزُّ,to incite
أ ز ف‎, أَزِفَتِ,to approach
إِسْتَبْرَق‎, إِسْتَبْرَق,"brocade, heavy silk"
إِسْحَاق‎, إِسْحَاق,Isaac
أ س ر‎, تَأْسِرُ,to take captive
إِسْرَائِيل‎, إِسْرَائِيل,Israel
أ س س‎, أَسَّسَ,to found
أ س ف‎, ءَاسَفُ,to anger
إِسْمَاعِيل‎, إِسْمَاعِيل,Ishmael
أ س ن‎, ءَاسِن,polluted
أ س و‎, تَأْسَ,to grieve
أ ش ر‎, أَشِر,insolent
أ ص ر‎, إِصْر,"burden, covenant"
أ ص ل‎, أَصْل,"root, bottom"
أ ف ف‎, أُفّ,uff
أ ف ق‎, أُفُق,horizon
أ ف ك‎, أُفِكَ,"to delude, to turn away"
أ ف ل‎, أَفَلَ,to set
أ ك ل‎, أَكَلَ,"to eat, to consume"
أ ل ت‎, أَلَتْ,to deprive
أ ل ف‎, أَلَّفَ,"to join, to reconcile"
أ ل ل‎, إِلّ,kinship
إِلَّا‎, إِلَّا,except
ٱلَّذِى‎, ٱلَّذِى,"who, which, that"
أ ل م‎, يَأْلَمُ,to suffer
أ ل ه‎, إِلَٰه,god
أ ل و‎, يَأْلُ,to spare
إِلَىٰ‎, إِلَىٰ,"to, toward, until"
إِلْيَاس‎, إِلْيَاس,Elijah
ٱلْيَسَعَ‎, ٱلْيَسَعَ,Elisha
أَم‎, أَم,or
أ م ت‎, أَمْت,curve
أ م د‎, أَمَد,"distance, time, term"
أ م ر‎, أَمَرَ,"to order, to command"
أَمْس‎, أَمْس,"yesterday, the previous day"
أ م ل‎, أَمَل,hope
أ م م‎, أُمّ,"mother, foundation, final abode"
أَمَّا‎, فَأَمَّا,Then as for
إِمَّا‎, إِمَّا,Whether
أ م ن‎, أَمِنَ,to feel secure
أ م و‎, وَلَأَمَةٌ,And a bondwoman
أ ن ث‎, وَالْأُنْثَىٰ,and the female
أ ن س‎, ءَانَسَ,to perceive
أ ن ف‎, وَالْأَنْفَ,and the nose
أ ن م‎, لِلْأَنَامِ,for the creatures
أ ن ي‎, يَأْنِ,to come (time)
أ ه ل‎, أَهْلِ,(the) People
أ و ب‎, أَوِّبِ,to repeat
أ و د‎, يَـُٔودُ,to tire
أ و ل‎, أَوَّلَ,(the) first
أ و ه‎, لَأَوَّاهٌ,(was) compassionate
أ و ي‎, أَوَى,to seek shelter
أ ي د‎, أَيَّدَ,"to support, to strengthen"
أ ي م‎, الْأَيَامَىٰ,the single
أ ي ي‎, بِآيَاتِنَا,Our Signs
ب أ ر‎, وَبِئْرٍ,and well
ب أ س‎, بِئْسَ,"to be wretched, to be evil"
ب ت ر‎, الْأَبْتَرُ,the one cut off
ب ت ك‎, يُبَتِّكُ,to cut off
ب ت ل‎, تَبَتَّلْ,to devote
ب ث ث‎, بَثَّ,to disperse
ب ج س‎, ٱنۢبَجَسَتْ,"to gush, to flow"
ب ح ث‎, يَبْحَثُ,"to search, to scratch"
ب ح ر‎, الْبَحْرَ,the sea
ب خ س‎, يَبْخَسْ,"to diminish, to deprive"
ب خ ع‎, بَاخِعٌ,the one who kills
ب خ ل‎, بَخِلَ,"to be stingy, to withhold"
ب د أ‎, بَدَأَ,"to begin, to originate"
ب د ر‎, وَبِدَارًا,and hastily
ب د ع‎, ٱبْتَدَعُ,to innovate
ب د ل‎, بَدَّلَ,to change
ب د ن‎, بِبَدَنِكَ,in your body
ب د و‎, بَدَا,to become apparent
ب ذ ر‎, تُبَذِّرْ,"to squander, to waste"
ب ر أ‎, نَّبْرَأَ,to bring into existence
ب ر ج‎, تَبَرَّجْ,to display
ب ر ح‎, أَبْرَحَ,"to leave, to cease"
ب ر د‎, بَرْدًا,cool[ness]
ب ر ر‎, تَبَرُّ,"to be good, to be kind"
ب ر ز‎, بَرَزَ,"to come forth, to go out"
ب ر ص‎, وَالْأَبْرَصَ,and the leper
ب ر ق‎, بَرِقَ,"to be dazzled, to be frightened"
ب ر ك‎, بَٰرَكَ,to bless
ب ر م‎, أَبْرَمُ,"to determine, to conclude"
ب ر ه ن‎, بُرْهَانَكُمْ,your proof
ب ز غ‎, بَازِغًا,rising
ب س ر‎, بَسَرَ,"to scowl, to frown"
ب س س‎, بُسَّتِ,"to crumble, to crush"
ب س ط‎, بَسَطَ,"to extend, to stretch"
ب س ق‎, بَاسِقَاتٍ,tall 
ب س ل‎, أُبْسِلُ,to give up to destruction
ب س م‎, تَبَسَّمَ,to smile
ب ش ر‎, بُشِّرَ,to give glad tidings
ب ص ر‎, بَصُرَتْ,"to perceive, to watch"
ب ص ل‎, وَبَصَلِهَا,and its onions
ب ض ع‎, بِضَاعَةً,(as) a merchandise
ب ط أ‎, يُبَطِّئَ,to lag behind
ب ط ر‎, بَطِرَتْ,to take lightly
ب ط ش‎, بَطَشْ,to seize
ب ط ل‎, بَطَلَ,to become futile
ب ط ن‎, بَطَنَ,to be concealed
ب ع ث‎, بَعَثَ,"to raise, to resurrect, to send"
ب ع ث ر‎, بُعْثِرَ,"to overturn, to scatter"
ب ع د‎, بَعُدَتْ,"to become distant, to take away"
ب ع ر‎, بَعِيرٍ,(of) a camel's (load)
ب ع ض‎, بَعْضُكُمْ,some of you
ب ع ل‎, بَعْل,Proper noun
ب غ ت‎, بَغْتَةً,suddenly
ب غ ض‎, الْبَغْضَاءُ,the hatred
ب غ ل‎, وَالْبِغَالَ,and mules
ب غ ي‎, بَغَىٰ,"to seek, to oppress"
ب ق ر‎, الْبَقَرَ,[the] cows
ب ق ع‎, الْبُقْعَةِ,the place even
ب ق ل‎, بَقْلِهَا,its herbs
ب ق ي‎, بَقِىَ,to remain
ب ك ر‎, وَالْإِبْكَارِ,and (in) the morning
ب ك م‎, بُكْمٌ,dumb
ب ك ي‎, بَكَتْ,to weep
ب ل د‎, بَلَدًا,a city
ب ل س‎, يُبْلِسُ,to despair
ب ل ع‎, ٱبْلَعِ,to swallow
ب ل غ‎, بَلَغَ,to reach
ب ل و‎, بَلَوْ,to test
ب ن ن‎, بَنَانٍ,fingertip[s]
ب ن ي‎, بَنَىٰ,"to construct, to build"
ب ه ت‎, بُهِتَ,"to be bewildered, to be dumbfounded"
ب ه ج‎, بَهْجَةٍ,of beauty (and delight)
ب ه ل‎, نَبْتَهِلْ,to pray humbly
ب ه م‎, بَهِيمَةُ,the quadruped
ب و أ‎, بَآءَ,"to incur, to turn back"
ب و ب‎, الْبَابَ,the gate
ب و ر‎, يَبُورُ,to perish
ب و ل‎, بَالُ,(is the) case
ب ي ت‎, يَبِيتُ,to spend the night
ب ي د‎, تَبِيدَ,to be perished
ب ي ض‎, ٱبْيَضَّتْ,to become white
ب ي ع‎, بَايَعْ,to pledge allegiance
ب ي ن‎, بَيَّنُ,to make clear
ت ب ب‎, تَبَّ,to perish
ت ب ر‎, تَبَّرْ,to destroy
ت ب ع‎, تَبِعَ,to follow
ت ج ر‎, تِجَارَتُهُمْ,their commerce
ت ح ت‎, تَحْتِهَا,under them
ت ر ب‎, أَتْرَابٌ,well-matched
ت ر ف‎, أُتْرِفُ,to give luxury
ت ر ق‎, التَّرَاقِيَ,the collar bones
ت ر ك‎, تَرَكَ,to leave
ت س ع‎, تِسْعَ,nine
ت ع س‎, فَتَعْسًا,destruction (is)
ت ف ث‎, تَفَثَهُمْ,their prescribed duties
ت ق ن‎, أَتْقَنَ,to perfect
ت ل ل‎, تَلَّ,to put down
ت ل و‎, تَلَىٰ,to recite
ت م م‎, تَمَّ,"to be fulfilled, to be completed"
ت و ب‎, تَابَ,"to repent, to turn"
ت و ر‎, تَارَةً,another time
ت ي ن‎, وَالتِّينِ,By the fig
ت ي ه‎, يَتِيهُ,to wander
ث ب ت‎, ٱثْبُتُ,to be firm
ث ب ر‎, ثُبُورًا,(for) destruction
ث ب ط‎, ثَبَّطَ,to make lag behind
ث ب ي‎, ثُبَاتٍ,(in) groups
ث ج ج‎, ثَجَّاجًا,pouring abundantly
ث خ ن‎, أَثْخَن,"to battle, to subdue"
ث ر ب‎, تَثْرِيبَ,blame
ث ر ي‎, الثَّرَىٰ,the soil
ث ع ب‎, ثُعْبَانٌ,(was) a serpent
ث ق ب‎, الثَّاقِبُ,the piercing
ث ق ف‎, ثُقِفُ,"to find, to gain dominance"
ث ق ل‎, ثَقُلَتْ,to be heavy
ث ل ث‎, ثَالِثُ,(is the) third
ث ل ل‎, ثُلَّةٌ,A company
ث م ر‎, أَثْمَرَ,to bear fruit
ث م ن‎, وَثَامِنُهُمْ,and the eight of them
ث ن ي‎, يَثْنُ,to fold up
ث و ب‎, ثُوِّبَ,to reward
ث و ر‎, أَثَارُ,"to raise, to plough"
ث و ي‎, مَثْوَى,(is the) abode
ث ي ب‎, ثَيِّبَاتٍ,previously married
ج أ ر‎, يَجْـَٔرُ,to cry for help
ج ب ب‎, الْجُبِّ,(of) the well
ج ب ت‎, بِالْجِبْتِ,in the superstition
ج ب ر‎, جَبَّارِينَ,(of) tyrannical strength
ج ب ل‎, جَبَلٍ,hill
ج ب ن‎, لِلْجَبِينِ,upon his forehead
ج ب ه‎, جِبَاهُهُمْ,their foreheads
ج ب ي‎, يُجْبَىٰٓ,"to bring, to gather"
ج ث ث‎, ٱجْتُثَّتْ,to uproot
ج ث م‎, جَاثِمِينَ,fallen prone
ج ث و‎, جِثِيًّا,bent (on) knees
ج ح د‎, جَحَدُ,"to reject, to deny"
ج ح م‎, الْجَحِيمِ,(of) the blazing Fire
ج د ث‎, الْأَجْدَاثِ,the graves
ج د د‎, جَدُّ,(the) Majesty
ج د ر‎, وَأَجْدَرُ,and more likely
ج د ل‎, جَٰدَلُ,"to argue, to dispute"
ج ذ ذ‎, جُذَاذًا,(into) pieces
ج ذ ع‎, جِذْعِ,(the) trunk
ج ذ و‎, جَذْوَةٍ,a burning wood
ج ر ح‎, جَرَحْ,to commit
ج ر د‎, وَالْجَرَادَ,and the locusts
ج ر ر‎, يَجُرُّ,to drag
ج ر ز‎, جُرُزًا,barren
ج ر ع‎, يَتَجَرَّعُ,to sip
ج ر ف‎, جُرُفٍ,(of) a cliff
ج ر م‎, يَجْرِمَ,to let incite
ج ر ي‎, جَرَيْ,"to flow, to run"
ج ز أ‎, جُزْءًا,a portion
ج ز ع‎, جَزِعْ,"to show intolerance, to be perturbed"
ج ز ي‎, جَزَىٰ,"to reward, to recompense"
ج س د‎, جَسَدًا,an image
ج س س‎, تَجَسَّسُ,to spy
ج س م‎, وَالْجِسْمِ,and [the] physique
ج ع ل‎, جَعَلَ,to make
ج ف أ‎, جُفَاءً,(as) scum
ج ف ن‎, وَجِفَانٍ,and bowls
ج ف و‎, تَتَجَافَىٰ,to forsake
ج ل ب‎, أَجْلِبْ,to raise
ج ل د‎, ٱجْلِدُ,to flog
ج ل س‎, الْمَجَالِسِ,the assemblies
ج ل ل‎, الْجَلَالِ,(of) Majesty
ج ل و‎, تَجَلَّىٰ,to reveal
ج م ح‎, يَجْمَحُ,to run wild
ج م د‎, جَامِدَةً,firmly fixed
ج م ع‎, جَمَعَ,"to gather, to collect"
ج م ل‎, جَمَالٌ,(is) beauty
ج م م‎, جَمًّا,immense
ج ن ب‎, ٱجْنُبْ,to keep away
ج ن ح‎, جَنَحُ,to incline
ج ن د‎, بِالْجُنُودِ,with the forces
ج ن ف‎, جَنَفًا,(any) error
ج ن ن‎, جَنَّ,to cover
ج ن ي‎, وَجَنَى,and (the) fruit
ج ه د‎, جَٰهَدَ,to strive
ج ه ر‎, جَهَرَ,to speak loudly
ج ه ز‎, جَهَّزَ,to furnish
ج ه ل‎, يَجْهَلُ,to be ignorant
ج و ب‎, جَابُ,to carve
ج و د‎, الْجِيَادُ,excellent bred steeds
ج و ر‎, يُجَاوِرُ,to be neighbours
ج و ز‎, جَاوَزَ,"to cross, to pass beyond"
ج و س‎, جَاسُ,to enter
ج و ع‎, تَجُوعَ,to be hungry
ج و ف‎, جَوْفِهِ,his interior
ج و و‎, جَوِّ,the midst
ج ي أ‎, جَآءَ,to come
ج ي ب‎, جُيُوبِهِنَّ,their bosoms
ج ي د‎, جِيدِهَا,her neck
ح ب ب‎, حَبَّبَ,to endear
ح ب ر‎, يُحْبَرُ,to delight
ح ب س‎, يَحْبِسُ,to detain
ح ب ط‎, حَبِطَ,to become worthless
ح ب ك‎, الْحُبُكِ,pathways
ح ب ل‎, بِحَبْلِ,to (the) rope
ح ت م‎, حَتْمًا,an inevitability
ح ث ث‎, حَثِيثًا,rapidly
ح ج ب‎, حِجَابٌ,(will be) a partition
ح ج ج‎, حَجَّ,"to perform pilgrimage, to argue"
ح ج ر‎, وَالْحِجَارَةُ,and [the] stones
ح ج ز‎, حَاجِزًا,a barrier
ح د ب‎, حَدَبٍ,elevation
ح د ث‎, تُحَدِّثُ,"to report, to narate"
ح د د‎, يُحَآدُّ,to oppose
ح د ق‎, حَدَائِقَ,gardens
ح ذ ر‎, يَحْذَرُ,"to fear, to beware"
ح ر ب‎, حَارَبَ,to wage war
ح ر ث‎, تَحْرُثُ,to sow
ح ر ج‎, حَرَجًا,any discomfort
ح ر د‎, حَرْدٍ,determination
ح ر ر‎, الْحَرِّ,the heat
ح ر س‎, حَرَسًا,guards
ح ر ص‎, حَرَصْ,to desire
ح ر ض‎, حَرِّضِ,"to urge, to encourage"
ح ر ف‎, يُحَرِّفُ,to distort
ح ر ق‎, حَرِّقُ,to burn
ح ر ك‎, تُحَرِّكْ,to move
ح ر م‎, حَرَّمَ,"to forbid, to make unlawful"
ح ر ي‎, تَحَرَّ,to seek
ح ز ب‎, حِزْبَ,(the) party
ح ز ن‎, يَحْزُن,to grieve
ح س ب‎, حَسِبَ,to think
ح س د‎, حَسَدَ,to envy
ح س ر‎, يَسْتَحْسِرُ,to tire
ح س س‎, تَحُسُّ,"to inquire, to kill"
ح س م‎, حُسُومًا,(in) succession
ح س ن‎, حَسُنَ,"to be the best, to be good"
ح ش ر‎, حَشَرَ,"to gather, to raise"
ح ص ب‎, حَصَبُ,(are) firewood
ح ص ح ص‎, حَصْحَصَ,to become manifest
ح ص د‎, حَصَد,to reap
ح ص ر‎, حَصِرَتْ,"to restrain, to besiege"
ح ص ل‎, حُصِّلَ,to make apparent
ح ص ن‎, أَحْصَنَتْ,"to guard, to protect"
ح ص ي‎, أَحْصَىٰ,"to count, to calculate, to enumerate"
ح ض ر‎, حَضَرَ,"to approach, to attend"
ح ض ض‎, يَحُضُّ,to feel the urge
ح ط ب‎, حَطَبًا,firewood
ح ط ط‎, حِطَّةٌ,Repentance
ح ط م‎, يَحْطِمَ,to crush
ح ظ ر‎, مَحْظُورًا,restricted
ح ظ ظ‎, حَظًّا,any portion
ح ف د‎, وَحَفَدَةً,and grandsons
ح ف ر‎, الْحَافِرَةِ,the former state
ح ف ظ‎, حَفِظَ,"to guard, to protect"
ح ف ف‎, حَفَفْ,to border
ح ف و‎, يُحْفِ,to press
ح ق ب‎, أَحْقَاب,Time adverb
ح ق ف‎, أَحْقَاف,Proper noun
ح ق ق‎, حَقَّ,"to justify, to prove true"
ح ك م‎, حَكَمَ,to judge
ح ل ف‎, حَلَفْ,to swear
ح ل ق‎, تَحْلِقُ,to shave
ح ل ل‎, حَلَلْ,"to descend, to be lawful"
ح ل م‎, أَحْلَامٍ,dreams
ح ل ي‎, حُلُّ,to adorn
ح م أ‎, حَمَإٍ,black mud
ح م د‎, يُحْمَدُ,to praise
ح م ر‎, حِمَارِكَ,your donkey
ح م ل‎, حَمَلَ,"to carry, to bear"
ح م م‎, حَمِيمٍ,boiling water
ح م ي‎, يُحْمَىٰ,to heat
ح ن ث‎, تَحْنَثْ,to break oath
ح ن ج ر‎, الْحَنَاجِرَ,the throats
ح ن ذ‎, حَنِيذٍ,roasted
ح ن ف‎, حَنِيفًا,(the) upright
ح ن ك‎, أَحْتَنِكَ,to destroy
ح ن ن‎, وَحَنَانًا,And affection
ح و ب‎, حُوبًا,a sin
ح و ت‎, حِيتَانُهُمْ,their fish
ح و ج‎, حَاجَةً,(it was) a need
ح و ذ‎, ٱسْتَحْوَذَ,"to overcome, to have advantage"
ح و ر‎, يَحُورَ,to return
ح و ز‎, مُتَحَيِّزًا,(to) join
ح و ش‎, حَاشَ,Forbid
ح و ط‎, أَحَاطَ,"to surround, to encompass"
ح و ل‎, حَالَ,to come
ح و ي‎, أَحْوَىٰ,dark
ح ي ث‎, حَيْثُ,wherever
ح ي د‎, تَحِيدُ,to avoid
ح ي ر‎, حَيْرَانَ,confused
ح ي ص‎, مَحِيصًا,any escape
ح ي ض‎, يَحِضْ,to menstruate
ح ي ف‎, يَحِيفَ,to be unjust
ح ي ق‎, حَاقَ,"to surround, to encompass, to envelope"
ح ي ن‎, حِينٍ,a period
ح ي ي‎, حَىَّ,to live
خ ب أ‎, الْخَبْءَ,the hidden
خ ب ت‎, أَخْبَتُ,to be humble
خ ب ث‎, خَبُثَ,to be bad
خ ب ر‎, أَخْبَارِكُمْ,your news
خ ب ز‎, خُبْزًا,bread
خ ب ط‎, يَتَخَبَّطُ,to confound
خ ب ل‎, خَبَالًا,(any) ruin
خ ب و‎, خَبَتْ,to subside
خ ت ر‎, خَتَّارٍ,traitor
خ ت م‎, خَتَمَ,to seal
خ د د‎, الْأُخْدُودِ,(of) the pit
خ د ع‎, يَخْدَعُ,to deceive
خ د ن‎, أَخْدَانٍ,secret lovers
خ ذ ل‎, يَخْذُلْ,to forsake
خ ر ب‎, يُخْرِبُ,to destroy
خ ر ج‎, خَرَجَ,"to go out, to come out, to depart, to leave"
خ ر د ل‎, خَرْدَلٍ,a mustard
خ ر ر‎, خَرَّ,to fall
خ ر ص‎, يَخْرُصُ,"to guess, to lie"
خ ر ط م‎, الْخُرْطُومِ,the snout
خ ر ق‎, خَرَقَ,"to falsely attribute, to tear"
خ ز ن‎, خَزَائِنُ,(are the) treasures
خ ز ي‎, نَخْزَىٰ,to be disgraced
خ س أ‎, ٱخْسَـُٔ,to be despised
خ س ر‎, خَسِرَ,to lose
خ س ف‎, خَسَفَ,to cause to swallow
خ ش ب‎, خُشُبٌ,pieces of wood
خ ش ع‎, خَشَعَتِ,to become humble
خ ش ي‎, خَشِىَ,to fear
خ ص ص‎, يَخْتَصُّ,to choose
خ ص ف‎, يَخْصِفَ,to fasten
خ ص م‎, ٱخْتَصَمُ,to dispute
خ ض د‎, مَخْضُودٍ,thornless
خ ض ر‎, الْأَخْضَرِ,[the] green 
خ ض ع‎, تَخْضَعْ,to be soft
خ ط أ‎, أَخْطَأْ,"to err, to make mistake"
خ ط ب‎, خَاطَبَ,to address
خ ط ط‎, تَخُطُّ,to write
خ ط ف‎, خَطِفَ,to snatch
خ ط و‎, خُطُوَاتِ,(the) footsteps (of)
خ ف ت‎, تُخَافِتْ,to be silent
خ ف ض‎, ٱخْفِضْ,to lower
خ ف ف‎, خَفَّتْ,to be light
خ ف ي‎, يَخْفَىٰ,to hide
خ ل د‎, يَخْلُدْ,to live forever
خ ل ص‎, خَلَصُ,to seclude
خ ل ط‎, خَلَطُ,to mix
خ ل ع‎, ٱخْلَعْ,to remove
خ ل ف‎, خَلَفَ,"to succeed, to come after"
خ ل ق‎, خَلَقَ,to create
خ ل ل‎, خِلَالَكُمْ,in your midst
خ ل و‎, خَلَا,to pass away
خ م د‎, خَامِدِينَ,extinct
خ م ر‎, بِخُمُرِهِنَّ,their head covers
خ م س‎, وَالْخَامِسَةُ,And the fifth
خ م ص‎, مَخْمَصَةٍ,hunger
خ م ط‎, خَمْطٍ,bitter
خ ن ز ر‎, الْخِنْزِيرِ,(of) swine
خ ن س‎, الْخَنَّاسِ,the one who withdraws
خ ن ق‎, وَالْمُنْخَنِقَةُ,and that which is strangled (to death)
خ و ر‎, خُوَارٌ,(had) a lowing sound
خ و ض‎, خَاضُ,"to engage in idle talk, to converse vainly"
خ و ف‎, خَافَ,"to fear, to be afraid"
خ و ل‎, خَوَّلَ,to bestow
خ و ن‎, خَانُ,to betray
خ و ي‎, خَاوِيَةٌ,(had) overturned
خ ي ب‎, خَابَ,to fail
خ ي ر‎, يَتَخَيَّرُ,"to select, to choose"
خ ي ط‎, الْخِيَاطِ,(of) the needle
خ ي ل‎, يُخَيَّلُ,to seem
خ ي م‎, الْخِيَامِ,the pavilions
د أ ب‎, كَدَأْبِ,Like behavior
د ب ب‎, دَابَّةٍ,moving creature
د ب ر‎, يُدَبِّرُ,"to dispose, to arrange"
د ث ر‎, الْمُدَّثِّرُ,who covers himself
د ح ر‎, دُحُورًا,Repelled
د ح ض‎, يُدْحِضُ,to refute
د ح و‎, دَحَىٰ,to spread
د خ ر‎, دَاخِرُونَ,(are) humble
د خ ل‎, دَخَلَ,to enter
د خ ن‎, دُخَانٌ,smoke
د ر أ‎, يَدْرَؤُا۟,"to avert, to repel, to prevent"
د ر ج‎, نَسْتَدْرِجُ,to gradually lead
د ر ر‎, دُرِّيٌّ,brilliant
د ر س‎, دَرَسُ,"to study, to learn"
د ر ك‎, أَدْرَكَ,"to overtake, to grasp"
د ر ه م‎, دَرَاهِمَ,dirhams
د ر ي‎, تَدْرِى,to know
د س ر‎, وَدُسُرٍ,and nails
د س س‎, يَدُسُّ,to bury
د س و‎, دَسَّىٰ,to bury
د ع ع‎, يَدُعُّ,"to thrust, to repulse"
د ع و‎, دَعَا,"to call, to invite, to pray"
د ف أ‎, دِفْءٌ,(is) warmth
د ف ع‎, دَفَعْ,"to defend, to deliver, to repel"
د ف ق‎, دَافِقٍ,ejected
د ك ك‎, دُكَّتِ,"to crush, to level"
د ل ك‎, لِدُلُوكِ,at the decline
د ل ل‎, دَلَّ,"to indicate, to show, to direct"
د ل و‎, تَدَلَّىٰ,to come down
د م د م‎, دَمْدَمَ,to destroy
د م ر‎, دَمَّرَ,to destroy
د م ع‎, الدَّمْعِ,the tears
د م غ‎, يَدْمَغُ,to break
د م و‎, الدِّمَاءَ,[the] blood[s]
د ن ر‎, بِدِينَارٍ,with a single coin
د ن و‎, دَنَا,"to approach, to draw"
د ه ر‎, الدَّهْرُ,the time
د ه ق‎, دِهَاقًا,full
د ه م‎, مُدْهَامَّتَانِ,Dark green
د ه ن‎, يُدْهِنُ,to compromise
د ه ي‎, أَدْهَىٰ,(will be) more grievous
د و ر‎, تَدُورُ,to revolve
د و ل‎, نُدَاوِلُ,to alternate
د و م‎, دَامُ,to be as long as
د و ن‎, دُونِ,other than
د ي ن‎, يَدِينُ,to acknowledge
ذ أ ب‎, الذِّئْبُ,a wolf
ذ أ م‎, مَذْءُومًا,disgraced
ذ ب ب‎, ذُبَابًا,a fly
ذ ب ح‎, ذُبِحَ,"to slaughter, to sacrifice"
ذ ب ذ ب‎, مُذَبْذَبِينَ,Wavering
ذ خ ر‎, تَدَّخِرُ,to store
ذ ر أ‎, ذَرَأَ,"to create, to produce, to multiply"
ذ ر ر‎, وَذُرِّيَّاتِهِمْ,and their descendents
ذ ر ع‎, ذِرَاعَيْهِ,his two forelegs
ذ ر و‎, تَذْرُو,to scatter
ذ ع ن‎, مُذْعِنِينَ,(as) promptly obedient
ذ ق ن‎, لِلْأَذْقَانِ,on their faces
ذ ك ر‎, ذَكَرَ,"to remember, to mention"
ذ ك و‎, ذَكَّيْ,to slaughter
ذ ل ل‎, نَّذِلَّ,to humiliate
ذ م م‎, ذِمَّةً,covenant of protection
ذ ن ب‎, بِذُنُوبِهِمْ,for their sins
ذ ه ب‎, ذَهَبَ,"to go, to take away"
ذ ه ل‎, تَذْهَلُ,to forget
ذ و د‎, تَذُودَ,to keep back
ذ و ق‎, ذَاقُ,to taste
ذ ي ع‎, أَذَاعُ,to spread
ر أ س‎, رُءُوسَكُمْ,your heads
ر أ ف‎, رَأْفَةٌ,pity for them
ر أ ي‎, رَءَا,to see
ر ب ب‎, رَبِّ,the Lord
ر ب ح‎, رَبِحَت,to profit
ر ب ص‎, تَرَبَّصْ,to await
ر ب ط‎, رَّبَطْ,"to strengthen, to make firm"
ر ب ع‎, أَرْبَعِينَ,forty
ر ب و‎, رَبَتْ,"to increase, to swell"
ر ت ع‎, يَرْتَعْ,to enjoy
ر ت ق‎, رَتْقًا,a joined entity
ر ت ل‎, رَتَّلْ,to recite
ر ج ج‎, رُجَّتِ,to shake
ر ج ز‎, وَالرُّجْزَ,And uncleanliness
ر ج س‎, رِجْسٌ,(are an) abomination
ر ج ع‎, رَجَعَ,to return
ر ج ف‎, تَرْجُفُ,to quake
ر ج ل‎, وَلِلرِّجَالِ,and for the men
ر ج م‎, رَجَمْ,to stone
ر ج و‎, يَرْجُوا۟,"to hope, to expect, to desire"
ر ح ب‎, رَحُبَتْ,to be vast
ر ح ق‎, رَحِيقٍ,a pure wine
ر ح ل‎, رِحَالِهِمْ,their saddlebags
ر ح م‎, رَّحِمَ,to have mercy
ر خ و‎, رُخَاءً,gently
ر د أ‎, رِدْءًا,(as) a helper
ر د د‎, رَدَّ,"to turn back, to return"
ر د ف‎, رَدِفَ,to be close behind
ر د م‎, رَدْمًا,a barrier
ر د ي‎, تَرْدَىٰ,to perish
ر ذ ل‎, أَرَاذِلُنَا,(are) the lowest of us
ر ز ق‎, رَزَقَ,to provide
ر س خ‎, وَالرَّاسِخُونَ,And those firm
ر س س‎, الرَّسِّ,(of) Ar-rass
ر س ل‎, أَرْسَلَ,to send
ر س و‎, أَرْسَىٰ,to make
ر ش د‎, يَرْشُدُ,to be led aright
ر ص د‎, رَصَدًا,waiting
ر ص ص‎, مَرْصُوصٌ,joined firmly
ر ض ع‎, يُرْضِعْ,to suckle
ر ض و‎, رَّضِىَ,to be pleased
ر ط ب‎, رُطَبًا,fresh dates
ر ع ب‎, الرُّعْبَ,[the] terror
ر ع د‎, وَرَعْدٌ,and thunder
ر ع ي‎, رَعَ,"to pasture, to observe"
ر غ ب‎, يَرْغَبُ,"to desire, to prefer"
ر غ د‎, رَغَدًا,freely
ر غ م‎, مُرَاغَمًا,place(s) of refuge 
ر ف ت‎, وَرُفَاتًا,and crumbled particles
ر ف ث‎, الرَّفَثُ,(is) the approach
ر ف د‎, الرِّفْدُ,(is) the gift
ر ف ر ف‎, رَفْرَفٍ,cushions
ر ف ع‎, رَفَعَ,to raise
ر ف ق‎, رَفِيقًا,companion(s)
ر ق ب‎, يَرْقُبُ,to respect
ر ق د‎, رُقُودٌ,(were) asleep
ر ق ق‎, رَقٍّ,parchment
ر ق م‎, وَالرَّقِيمِ,and the inscription
ر ق ي‎, تَرْقَىٰ,to ascend
ر ك ب‎, رَكِبَ,"to ride, to embark"
ر ك د‎, رَوَاكِدَ,motionless
ر ك ز‎, رِكْزًا,a sound
ر ك س‎, أَرْكَسَ,"to cast back, to plunge"
ر ك ض‎, يَرْكُضُ,"to flee, to strike"
ر ك ع‎, يَرْكَعُ,to bow
ر ك م‎, يَرْكُمَ,to heap
ر ك ن‎, تَرْكَنُ,to incline
ر م ح‎, وَرِمَاحُكُمْ,and your spears
ر م د‎, كَرَمَادٍ,(are) like ashes
ر م ز‎, رَمْزًا,(with) gestures
ر م م‎, رَمِيمٌ,(are) decomposed
ر م ن‎, وَالرُّمَّانَ,and the pomegranates
ر م ي‎, رَمَىٰ,"to throw, to accuse"
ر ه ب‎, يَرْهَبُ,to fear
ر ه ط‎, رَهْطُكَ,for your family
ر ه ق‎, يَرْهَقُ,to cover
ر ه ن‎, فَرِهَانٌ,then pledge
ر ه و‎, رَهْوًا,at rest
ر و ح‎, تُرِيحُ,to bring
ر و د‎, رَٰوَدُ,"to seduce, to demand, to get permission"
ر و ض‎, رَوْضَاتِ,flowering meadows
ر و ع‎, الرَّوْعُ,the fright
ر و غ‎, رَاغَ,to turn
ر ي ب‎, ٱرْتَابَ,to doubt
ر ي ش‎, وَرِيشًا,and (as) an adornment
ر ي ع‎, رِيعٍ,elevation
ر ي ن‎, رَانَ,to cover
ز ب د‎, زَبَدًا,a foam
ز ب ر‎, زُبَرَ,sheets
ز ب ن‎, الزَّبَانِيَةَ,the Angels of Hell
ز ج ج‎, زُجَاجَةٍ,a glass
ز ج ر‎, ٱزْدُجِرَ,to repell
ز ج و‎, يُزْجِى,to drive
ز ح ز ح‎, زُحْزِحَ,to draw away
ز ح ف‎, زَحْفًا,advancing
ز خ ر ف‎, زُخْرُفَ,(with) decorative
ز ر ع‎, تَزْرَعُ,"to plant, to sow"
ز ر ق‎, زُرْقًا,blue-eyed
ز ر ي‎, تَزْدَرِىٓ,to look down
ز ع م‎, زَعَمَ,to claim
ز ف ر‎, زَفِيرٌ,(is) sighing
ز ف ف‎, يَزِفُّ,to hasten
ز ق م‎, زَقُّوم,Proper noun
ز ك و‎, زَكَىٰ,to purify
ز ل ز ل‎, زُلْزِلُ,to shake
ز ل ف‎, أُزْلِفَتْ,to bring near
ز ل ق‎, يُزْلِقُ,to make slip
ز ل ل‎, زَلَلْ,to slip
ز ل م‎, بِالْأَزْلَامِ,by divining arrows 
ز م ر‎, زُمَرًا,(in) groups
ز م ل‎, الْمُزَّمِّلُ,who wraps himself
ز م ه ر‎, زَمْهَرِيرًا,freezing cold
ز ن م‎, زَنِيمٍ,utterly useless
ز ن ي‎, يَزْنُ,to commit adultery
ز ه د‎, الزَّاهِدِينَ,those keen to give up
ز ه ر‎, زَهْرَةَ,(the) splendor
ز ه ق‎, زَهَقَ,"to depart, to perish"
ز و ج‎, زُوِّجَتْ,"to marry, to be paired"
ز و د‎, تَزَوَّدُ,to take provision
ز و ر‎, زُرْ,to visit
ز و ل‎, زَالَ,to cease
ز ي ت‎, زَيْتُهَا,its oil
ز ي د‎, زَادَ,to increase
ز ي غ‎, زَاغَ,"to deviate, to turn away, to swerve"
ز ي ل‎, زَالَت,to cease
ز ي ن‎, زَيَّنَ,to make fair-seeming
س أ ل‎, سَأَلَ,to ask
س أ م‎, يَسْـَٔمُ,to tire
س ب ب‎, يَسُبُّ,to insult
س ب ت‎, يَسْبِتُ,to have Sabbath
س ب ح‎, يَسْبَحُ,"to swim, to float"
س ب ط‎, وَالْأَسْبَاطِ,and the descendants
س ب ع‎, السَّبُعُ,the wild animal
س ب غ‎, أَسْبَغَ,to bestow
س ب ق‎, سَبَقَ,to precede
س ب ل‎, السَّبِيلِ,(of) the way
س ت ت‎, سِتِّينَ,(of) sixty
س ت ر‎, تَسْتَتِرُ,to cover
س ج د‎, سَجَدَ,to prostrate
س ج ر‎, يُسْجَرُ,to burn
س ج ل‎, السِّجِلِّ,(of) a scroll
س ج ن‎, يُسْجَنَ,to imprison
س ج و‎, سَجَىٰ,to cover with darkness
س ح ب‎, يُسْحَبُ,to drag
س ح ت‎, يُسْحِتَ,to destroy
س ح ر‎, سَحَرُ,"to bewitch, to delude"
س ح ق‎, فَسُحْقًا,so away with
س ح ل‎, بِالسَّاحِلِ,on the bank
س خ ر‎, سَخِرَ,"to ridicule, to mock"
س خ ط‎, سَخِطَ,"to anger, to enrage"
س د د‎, السَّدَّيْنِ,the two mountains
س د ر‎, سِدْرٍ,lote trees
س د س‎, سَادِسُهُمْ,the sixth of them
س د ي‎, سُدًى,neglected
س ر ب‎, كَسَرَابٍ,(are) like a mirage
س ر ب ل‎, سَرَابِيلُهُمْ,Their garments
س ر ج‎, سِرَاجًا,a lamp
س ر ح‎, تَسْرَحُ,to take out
س ر د‎, السَّرْدِ,the links (of armor)
س ر د ق‎, سُرَادِقُهَا,its walls
س ر ر‎, تَسُرُّ,to please
س ر ع‎, يُسَٰرِعُ,to hasten
س ر ف‎, أَسْرَفَ,"to be extravagant, to exceed, to transgress"
س ر ق‎, سَرَقَ,to steal
س ر م د‎, سَرْمَدًا,continuous
س ر ي‎, يَسْرِ,"to pass, to set out"
س ط ح‎, سُطِحَتْ,to spread out
س ط ر‎, يَسْطُرُ,to write
س ط و‎, يَسْطُ,to attack
س ع د‎, سُعِدُ,to be glad
س ع ر‎, سُعِّرَتْ,to set ablaze
س ع ي‎, سَعَىٰ,"to strive, to run"
س غ ب‎, مَسْغَبَةٍ,severe hunger
س ف ح‎, مَسْفُوحًا,poured forth
س ف ر‎, أَسْفَرَ,to brighten
س ف ع‎, نَسْفَعًۢ,to drag
س ف ك‎, يَسْفِكُ,to shed
س ف ل‎, أَسْفَلَ,below
س ف ن‎, السَّفِينَةِ,the ship
س ف ه‎, سَفِهَ,to fool
س ق ط‎, سُقِطَ,"to fall, to regret"
س ق ف‎, السَّقْفُ,the roof
س ق م‎, سَقِيمٌ,sick
س ق ي‎, سَقَىٰ,"to water, to give drink"
س ك ب‎, مَسْكُوبٍ,poured forth
س ك ت‎, سَكَتَ,to calm
س ك ر‎, سُكِّرَتْ,to dazzle
س ك ن‎, سَكَنَ,"to dwell, to live, to rest"
س ل ب‎, يَسْلُبْ,to snatch away
س ل ح‎, أَسْلِحَتَهُمْ,their arms
س ل خ‎, نَسْلَخُ,to withdraw
س ل س ل‎, وَالسَّلَاسِلُ,and the chains
س ل ط‎, سَلَّطَ,to give power
س ل ف‎, سَلَفَ,to pass (before)
س ل ق‎, سَلَقُ,to smite
س ل ك‎, سَلَكَ,"to insert, to make enter"
س ل ل‎, يَتَسَلَّلُ,to slip away
س ل م‎, سَلَّمَ,"to submit, to greet, to pay"
س ل و‎, وَالسَّلْوَىٰ,and [the] quails
س م د‎, سَامِدُونَ,amuse (yourselves)
س م ر‎, سَامِرًا,conversing by night
س م ع‎, سَمِعَ,"to hear, to listen"
س م ك‎, سَمْكَهَا,its ceiling
س م م‎, سَمِّ,(the) eye
س م ن‎, يُسْمِنُ,to nourish
س م و‎, سَمَّىٰ,to name
س ن ب ل‎, سُنْبُلِهِ,its ears
س ن د‎, مُسَنَّدَةٌ,propped up
س ن م‎, تَسْنِيمٍ,Tasneem
س ن ن‎, وَالسِّنَّ,and the tooth
س ن ه‎, يَتَسَنَّهْ,to change with time
س ن و‎, سَنَا,(the) flash
س ه ر‎, بِالسَّاهِرَةِ,(will be) awakened
س ه ل‎, سُهُولِهَا,its plains
س ه م‎, سَاهَمَ,to draw
س ه و‎, سَاهُونَ,(of) heedlessness
س و أ‎, سَآءَ,to be evil
س و ح‎, بِسَاحَتِهِمْ,in their territory
س و د‎, ٱسْوَدَّتْ,to become black
س و ر‎, تَسَوَّرُ,to climb over
س و ط‎, سَوْطَ,scourge
س و ع‎, السَّاعَةُ,the Hour
س و غ‎, يُسِيغُ,to swallow
س و ق‎, سِيقَ,to drive
س و ل‎, سَوَّلَ,"to entice, to suggest"
س و م‎, يَسُومُ,to afflict
س و ي‎, تُسَوَّىٰ,to level
س ي ب‎, سَائِبَةٍ,a Saibah
س ي ح‎, سِيحُ,to move about
س ي ر‎, سَارَ,to travel
س ي ل‎, سَالَتْ,to flow
ش أ م‎, الْمَشْأَمَةِ,(of) the left
ش أ ن‎, شَأْنٍ,any situation
ش ب ه‎, شُبِّهَ,to make appear
ش ت ت‎, أَشْتَاتًا,separately
ش ت و‎, الشِّتَاءِ,(of) winter
ش ج ر‎, شَجَرَ,to arise
ش ح ح‎, الشُّحَّ,(by) greed
ش ح م‎, شُحُومَهُمَا,their fat
ش ح ن‎, الْمَشْحُونِ,laden
ش خ ص‎, تَشْخَصُ,to stare
ش د د‎, شَدَدْ,to strengthen
ش ر ب‎, شَرِبَ,to drink
ش ر ح‎, شَرَحَ,"to expand, to open"
ش ر د‎, شَرِّدْ,to disperse
ش ر ذ م‎, لَشِرْذِمَةٌ,(are) certainly a band
ش ر ر‎, شَرٌّ,(is) bad
ش ر ط‎, أَشْرَاطُهَا,its indications
ش ر ع‎, شَرَعَ,to ordain
ش ر ق‎, أَشْرَقَتِ,to shine
ش ر ك‎, شَارِكْ,to be a partner
ش ر ي‎, شَرَ,to sell
ش ط أ‎, شَاطِئِ,(the) side
ش ط ر‎, شَطْر,Location adverb
ش ط ط‎, تُشْطِطْ,to be unjust
ش ط ن‎, الشَّيْطَانُ,the Shaitaan
ش ع ب‎, شُعَبٍ,columns
ش ع ر‎, يَشْعُرُ,"to perceive, to realize"
ش ع ل‎, ٱشْتَعَلَ,to flare
ش غ ف‎, شَغَفَ,to impassion
ش غ ل‎, شَغَلَتْ,to keep busy
ش ف ع‎, يَشْفَعُ,to intercede
ش ف ق‎, أَشْفَقْ,"to fear, to be afraid"
ش ف ه‎, وَشَفَتَيْنِ,and two lips
ش ف و‎, شَفَا,(the) brink
ش ف ي‎, يَشْفِ,"to heal, to cure"
ش ق ق‎, شَقَقْ,"to make difficult, to cleave"
ش ق و‎, شَقُ,"to suffer, to be wretched, to be distressed"
ش ك ر‎, شَكَرَ,"to be grateful, to give thanks"
ش ك س‎, مُتَشَاكِسُونَ,quarreling
ش ك ك‎, شَكٍّ,doubt
ش ك ل‎, شَاكِلَتِهِ,his manner
ش ك و‎, أَشْكُوا۟,to complain
ش م ت‎, تُشْمِتْ,to rejoice
ش م خ‎, شَامِخَاتٍ,lofty
ش م ز‎, ٱشْمَأَزَّتْ,to shrink with aversion
ش م س‎, بِالشَّمْسِ,the sun
ش م ل‎, ٱشْتَمَلَتْ,to contain
ش ن أ‎, شَنَآنُ,(the) hatred
ش ه ب‎, شِهَابٌ,a burning flame
ش ه د‎, شَهِدَ,"to testify, to bear witness"
ش ه ر‎, شَهْرُ,Month
ش ه ق‎, وَشَهِيقٌ,and wailing
ش ه و‎, ٱشْتَهَتْ,to desire
ش و ب‎, لَشَوْبًا,(is) a mixture
ش و ر‎, شَاوِرْ,to consult
ش و ظ‎, شُوَاظٌ,a flame
ش و ك‎, الشَّوْكَةِ,(of) the armed
ش و ي‎, يَشْوِى,to scald
ش ي أ‎, شَآءَ,"to will, to wish"
ش ي ب‎, شِيبًا,gray-haired
ش ي خ‎, شَيْخًا,(is) an old man
ش ي د‎, مَشِيدٍ,lofty
ش ي ع‎, تَشِيعَ,to spread
ص ب أ‎, وَالصَّابِئِينَ,and the Sabians 
ص ب ب‎, صَبَّ,to pour
ص ب ح‎, صَبَّحَ,to seize in the morning
ص ب ر‎, صَبَرَ,to be patient
ص ب ع‎, أَصَابِعَهُمْ,their fingers
ص ب غ‎, وَصِبْغٍ,and a relish
ص ب و‎, أَصْبُ,to incline
ص ح ب‎, يُصْحَبُ,to protect
ص ح ف‎, بِصِحَافٍ,plates
ص خ خ‎, الصَّاخَّةُ,the Deafening Blast
ص خ ر‎, الصَّخْرَ,the rocks
ص د د‎, صَدَّ,"to turn away, to avert, to hinder"
ص د ر‎, يَصْدُرُ,to proceed
ص د ع‎, ٱصْدَعْ,to proclaim
ص د ف‎, صَدَفَ,to turn away
ص د ق‎, صَدَقَ,"to be truthful, to fulfill"
ص د ي‎, تَصَدَّىٰ,to give attention
ص ر ح‎, الصَّرْحَ,the palace
ص ر خ‎, يَصْطَرِخُ,to cry
ص ر ر‎, أَصَرُّ,to persist
ص ر ص ر‎, صَرْصَرًا,furious
ص ر ط‎, الصِّرَاطَ,(to) the path
ص ر ع‎, صَرْعَىٰ,fallen
ص ر ف‎, صَرَفَ,"to divert, to turn away"
ص ر م‎, يَصْرِمُ,to pluck
ص ع د‎, يَصْعَدُ,to ascend
ص ع ر‎, تُصَعِّرْ,to turn
ص ع ق‎, صَعِقَ,"to faint, to fall dead"
ص غ ر‎, أَصْغَرَ,smaller
ص غ و‎, صَغَتْ,to incline
ص ف ح‎, يَصْفَحُ,to overlook
ص ف د‎, الْأَصْفَادِ,the chains
ص ف ر‎, صُفْرٌ,yellow
ص ف ص ف‎, صَفْصَفًا,plain
ص ف ف‎, صَوَافَّ,(when) lined up
ص ف ن‎, الصَّافِنَاتُ,excellent bred steeds
ص ف و‎, أَصْفَىٰ,to choose
ص ك ك‎, صَكَّتْ,to strike
ص ل ب‎, صَلَبُ,to crucify
ص ل ح‎, صَلَحَ,to be righteous
ص ل د‎, صَلْدًا,bare
ص ل ص ل‎, صَلْصَالٍ,sounding clay
ص ل و‎, صَلَّىٰ,"to pray, to bless"
ص ل ي‎, يَصْلَى,to burn
ص م ت‎, صَامِتُونَ,remain silent
ص م د‎, الصَّمَدُ,"the Eternal, the Absolute"
ص م ع‎, صَوَامِعُ,monasteries
ص م م‎, صَمُّ,to become deaf
ص ن ع‎, صَنَعُ,"to make, to construct, to do"
ص ن م‎, أَصْنَامًا,idols
ص ن و‎, صِنْوَانٌ,trees (growing) from a single root
ص ه ر‎, يُصْهَرُ,to melt
ص و ب‎, أَصَابَ,"to strike, to befall, to bestow"
ص و ت‎, بِصَوْتِكَ,with your voice
ص و ر‎, صُرْ,to incline
ص و ع‎, صُوَاعَ,(the) cup
ص و ف‎, أَصْوَافِهَا,their wool
ص و م‎, يَصُمْ,to fast
ص ي ح‎, الصَّيْحَةُ,the thunderous blast
ص ي د‎, ٱصْطَادُ,to hunt
ص ي ر‎, تَصِيرُ,to reach
ص ي ص‎, صَيَاصِيهِمْ,their fortresses
ص ي ف‎, وَالصَّيْفِ,and summer
ض أ ن‎, الضَّأْنِ,the sheep
ض ب ح‎, ضَبْحًا,panting
ض ج ع‎, مَضَاجِعِهِمْ,their places of death
ض ح ك‎, ضَحِكَتْ,to laugh
ض ح و‎, تَضْحَىٰ,to expose
ض د د‎, ضِدًّا,opponents
ض ر ب‎, ضَرَبَ,"to strike, to set forth"
ض ر ر‎, يَضُرَّ,to harm
ض ر ع‎, تَضَرَّعُ,to humble
ض ع ف‎, ضَعُفَ,to weaken
ض غ ث‎, أَضْغَاثُ,Confused
ض غ ن‎, أَضْغَانَهُمْ,their hatred
ض ف د ع‎, وَالضَّفَادِعَ,and the frogs
ض ل ل‎, ضَلَّ,"to go astray, to err, to lose"
ض م ر‎, ضَامِرٍ,lean camel
ض م م‎, ٱضْمُمْ,to draw (near)
ض ن ك‎, ضَنْكًا,straitened
ض ن ن‎, بِضَنِينٍ,a withholder
ض ه أ‎, يُضَٰهِـُٔ,to imitate
ض و أ‎, أَضَآءَ,"to light, to flash, to glow"
ض ي ر‎, ضَيْرَ,harm
ض ي ز‎, ضِيزَىٰ,unfair
ض ي ع‎, أَضَاعُ,"to let go waste, to neglect"
ض ي ف‎, يُضَيِّفُ,to offer hospitality
ض ي ق‎, ضَاقَ,to straiten
ط ب ع‎, طَبَعَ,to seal
ط ب ق‎, طِبَاقًا,one above another
ط ح و‎, طَحَىٰ,to spread
ط ر ح‎, ٱطْرَحُ,to cast
ط ر د‎, طَرَد,"to send away, to drive away"
ط ر ف‎, طَرْفُهُمْ,their gaze
ط ر ق‎, طَرِيقًا,(to) a way
ط ر و‎, طَرِيًّا,fresh
ط ع م‎, طَعِمُ,"to eat, to taste, to feed"
ط ع ن‎, طَعَنُ,to defame
ط غ ي‎, طَغَىٰ,"to transgress, to overflow"
ط ف أ‎, أَطْفَأَ,"to extinguish, to put out"
ط ف ف‎, لِلْمُطَفِّفِينَ,to those who give less
ط ف ق‎, طَفِقَ,to begin
ط ف ل‎, طِفْلًا,(as) a child
ط ل ب‎, يَطْلُبُ,to seek
ط ل ح‎, وَطَلْحٍ,And banana trees
ط ل ع‎, طَلَعَت,to rise
ط ل ق‎, طَلَّقَ,to divorce
ط ل ل‎, فَطَلٌّ,then a drizzle
ط م ث‎, يَطْمِثْ,to touch
ط م س‎, طُمِسَتْ,"to blind, to destory, to obliterate"
ط م ع‎, يَطْمَعُ,"to hope, to desire"
ط م م‎, الطَّامَّةُ,the Overwhelming Calamity
ط م ن‎, ٱطْمَأَنَّ,"to be satisfied, to be secure, to be content"
ط ه ر‎, يَطْهُرْ,to purify
ط و د‎, كَالطَّوْدِ,like the mountain
ط و ر‎, أَطْوَارًا,(in) stages
ط و ع‎, يُطَاعُ,to obey
ط و ف‎, طَافَ,"to circulate, to go around"
ط و ق‎, يُطَوَّقُ,to encircle the neck
ط و ل‎, طَالَ,"to prolong, to grow long"
ط و ي‎, نَطْوِى,to fold
ط ي ب‎, طَابَ,"to seem suitable, to remit, to do well"
ط ي ر‎, يَطِيرُ,to fly
ط ي ن‎, الطِّينِ,[the] clay
ظ ع ن‎, ظَعْنِكُمْ,(of) your travel
ظ ف ر‎, أَظْفَرَ,to give victory
ظ ل ل‎, ظَلَّ,"to continue, to remain"
ظ ل م‎, ظَلَمَ,"to oppress, to wrong"
ظ م أ‎, تَظْمَؤُا۟,to suffer from thirst
ظ ن ن‎, ظَنَّ,"to think, to assume, to guess"
ظ ه ر‎, ظَهَرَ,"to appear, to become manifest"
ع ب أ‎, يَعْبَؤُا۟,to care
ع ب ث‎, تَعْبَثُ,to be amused
ع ب د‎, عَبَدَ,to worship
ع ب ر‎, تَعْبُرُ,to interpret
ع ب س‎, عَبَسَ,to frown
ع ب ق ر‎, وَعَبْقَرِيٍّ,and carpets
ع ت ب‎, يَسْتَعْتِبُ,to ask for favor
ع ت د‎, أَعْتَدَتْ,to prepare
ع ت ق‎, الْعَتِيقِ,[the] Ancient
ع ت ل‎, ٱعْتِلُ,to drag
ع ت و‎, عَتَ,"to be insolent, to exceed, to rebell"
ع ث ر‎, عُثِرَ,to discover
ع ث و‎, تَعْثَ,"to act wickedly, to commit evil"
ع ج ب‎, عَجِبُ,"to wonder, to be amazed, to be astonished"
ع ج ز‎, عَجَزْ,to be unable
ع ج ف‎, عِجَافٌ,lean ones
ع ج ل‎, عَجِلَ,to hasten
ع ج م‎, أَعْجَمِيٌّ,(is) foreign
ع د د‎, عَدَّ,to count
ع د س‎, وَعَدَسِهَا,[and] its lentils
ع د ل‎, عَدَلَ,to be just
ع د و‎, يَعْدُ,"to transgress, to pass beyond"
ع ذ ب‎, عَذَّبَ,to punish
ع ذ ر‎, يَعْتَذِرُ,to make excuse
ع ر ب‎, الْأَعْرَابِ,the bedouins
ع ر ج‎, يَعْرُجُ,to ascend
ع ر ج ن‎, كَالْعُرْجُونِ,like the date stalk
ع ر ر‎, وَالْمُعْتَرَّ,and the needy who ask
ع ر ش‎, يَعْرِشُ,"to erect, to construct"
ع ر ض‎, عَرَضَ,"to display, to present, to expose, to turn away"
ع ر ف‎, عَرَفَ,"to know, to recognize"
ع ر م‎, الْعَرِمِ,(of) the dam
ع ر و‎, ٱعْتَرَىٰ,to seize
ع ر ي‎, تَعْرَىٰ,to unclothe
ع ز ب‎, يَعْزُبُ,to escape
ع ز ر‎, عَزَّرُ,"to honour, to assist"
ع ز ز‎, عَزَّ,to overpower
ع ز ل‎, عَزَلْ,to set aside
ع ز م‎, عَزَمَ,"to resolve, to decide, to determine"
ع ز و‎, عِزِينَ,(in) separate groups
ع س ر‎, تَعَاسَرْ,to disagree
ع س ع س‎, عَسْعَسَ,to depart
ع س ل‎, عَسَلٍ,honey
ع س ي‎, عَسَى,to perhaps
ع ش ر‎, عَاشِرُ,to live
ع ش و‎, يَعْشُ,to turn away
ع ص ب‎, عُصْبَةٌ,(are) a group
ع ص ر‎, يَعْصِرُ,to press
ع ص ف‎, عَاصِفَةً,forcefully
ع ص م‎, يَعْصِمُ,"to save, to protect"
ع ص و‎, بِعَصَاكَ,with your staff
ع ص ي‎, عَصَا,to disobey
ع ض د‎, عَضُدًا,(as) helper(s)
ع ض ض‎, عَضُّ,to bite
ع ض ل‎, تَعْضُلُ,"to hinder, to constrain"
ع ض و‎, عِضِينَ,(in) parts
ع ط ف‎, عِطْفِهِ,his neck
ع ط ل‎, عُطِّلَتْ,to leave untended
ع ط و‎, تَعَاطَىٰ,to take
ع ظ م‎, يُعَظِّمْ,to honor
ع ف ر‎, عِفْرِيتٌ,a strong one
ع ف ف‎, يَسْتَعْفِفْ,"to refrain, to be chaste"
ع ف و‎, عَفَا,"to forgive, to pardon"
ع ق ب‎, يُعَقِّبْ,"to look back, to return"
ع ق د‎, عَقَدَتْ,to pledge
ع ق ر‎, عَقَرَ,to hamstrung
ع ق ل‎, عَقَلُ,"to understand, to reason"
ع ق م‎, عَقِيمٍ,barren
ع ك ف‎, يَعْكُفُ,to devote
ع ل ق‎, عَلَقٍ,a clinging substance
ع ل م‎, عَلِمَ,to know
ع ل ن‎, أَعْلَن,"to declare, to reveal, to proclaim"
ع ل و‎, تَعَٰلَىٰ,"to be exalted, to be high"
ع م د‎, تَعَمَّدَتْ,to intend
ع م ر‎, عَمَرُ,"to maintain, to build on"
ع م ق‎, عَمِيقٍ,distant
ع م ل‎, عَمِلَ,"to do, to work"
ع م م‎, أَعْمَامِكُمْ,(of) your paternal uncles
ع م ه‎, يَعْمَهُ,to wander blindly
ع م ي‎, عَمِىَ,to be blind
ع ن ب‎, وَأَعْنَابٍ,and grapevines
ع ن ت‎, عَنِ,"to suffer, to be distressed"
ع ن د‎, عِنْدَ,with
ع ن ق‎, الْأَعْنَاقِ,the necks
ع ن ك ب‎, الْعَنْكَبُوتِ,the spider
ع ن و‎, عَنَتِ,to be humbled
ع ه د‎, عَهِدَ,"to make a covenant, to promise"
ع ه ن‎, كَالْعِهْنِ,like wool
ع و ج‎, عِوَجًا,(seem) crooked
ع و د‎, عَادَ,to return
ع و ذ‎, عُذْ,to seek refuge
ع و ر‎, عَوْرَاتِ,private aspects
ع و ق‎, الْمُعَوِّقِينَ,those who hinder
ع و ل‎, تَعُولُ,to oppress
ع و م‎, عَامٍ,year(s)
ع و ن‎, أَعَانَ,to help
ع ي ب‎, أَعِيبَ,to cause defect
ع ي ر‎, الْعِيرُ,(in) the caravan
ع ي ش‎, عِيشَةٍ,a life
ع ي ل‎, عَيْلَةً,poverty
ع ي ن‎, عَيْنًا,springs
ع ي ي‎, عَيِي,to tire
غ ب ر‎, غَبَرَةٌ,(will be) dust
غ ب ن‎, التَّغَابُنِ,(of) mutual loss and gain
غ ث و‎, غُثَاءً,(as) rubbish of dead leaves
غ د ر‎, يُغَادِرُ,to leave behind
غ د ق‎, غَدَقًا,(in) abundance
غ د و‎, غَدَ,to leave early
غ ر ب‎, غَرَبَت,to set
غ ر ر‎, غَرَّ,"to deceive, to delude"
غ ر ف‎, ٱغْتَرَفَ,to take
غ ر ق‎, أُغْرِقُ,to drown
غ ر م‎, غَرَامًا,inseparable
غ ر و‎, أَغْرَيْ,"to overpower, to arouse"
غ ز ل‎, غَزْلَهَا,her spun yarn
غ ز و‎, غُزًّى,fighting
غ س ق‎, وَغَسَّاقٌ,and purulence
غ س ل‎, ٱغْسِلُ,to wash
غ ش و‎, غَشِيَ,to cover
غ ص ب‎, غَصْبًا,(by) force
غ ص ص‎, غُصَّةٍ,chokes
غ ض ب‎, غَضِبَ,to be angry
غ ض ض‎, يَغُضُّ,to lower
غ ط ش‎, أَغْطَشَ,to darken
غ ط و‎, غِطَاءٍ,a cover
غ ف ر‎, غَفَرَ,to forgive
غ ف ل‎, تَغْفُلُ,to neglect
غ ل ب‎, غَلَبُ,"to overcome, to defeat"
غ ل ظ‎, ٱغْلُظْ,to be stern
غ ل ف‎, غُلْفٌ,(are) wrapped
غ ل ق‎, غَلَّقَتِ,to close
غ ل ل‎, غَلَّ,"to defraud, to chain, to shackle"
غ ل م‎, غُلَامٌ,a son
غ ل و‎, تَغْلُو,to exceed
غ ل ي‎, يَغْلِى,to boil
غ م ر‎, غَمَرَاتِ,agonies
غ م ز‎, يَتَغَامَزُ,to wink
غ م ض‎, تُغْمِضُ,to close
غ م م‎, غَمًّا,(with) distress
غ ن م‎, غَنِمْ,to take as war booty
غ ن ي‎, أَغْنَىٰ,"to avail, to prosper"
غ و ث‎, يُغَاثُ,to be relieved
غ و ر‎, الْغَارِ,the cave
غ و ص‎, يَغُوصُ,to dive
غ و ط‎, الْغَائِطِ,the toilet
غ و ل‎, غَوْلٌ,(is) bad effect
غ و ي‎, غَوَىٰ,"to err, to go astray"
غ ي ب‎, يَغْتَب,to backbite
غ ي ث‎, يُغَاثُ,to be given rain
غ ي ر‎, يُغَيِّرُ,to change
غ ي ض‎, غِيضَ,"to subside, to fall short"
غ ي ظ‎, يَغِيظُ,"to anger, to enrage"
ف أ د‎, أَفْئِدَتَهُمْ,their hearts
ف أ ي‎, فِئَتُكُمْ,your forces
ف ت أ‎, تَفْتَؤُا۟,to cease
ف ت ح‎, فَتَحَ,"to open, to give victory"
ف ت ر‎, يَفْتُرُ,to invent
ف ت ق‎, فَتَقْ,to part
ف ت ل‎, فَتِيلًا,(even as much as) a hair on a date-seed
ف ت ن‎, فَتَنُ,"to persecute, to test, to try"
ف ت ي‎, يُفْتِي,"to give ruling, to explain, to advise"
ف ج ج‎, فِجَاجًا,broad passes
ف ج ر‎, يَفْجُرَ,to give lie
ف ج و‎, فَجْوَةٍ,the open space
ف ح ش‎, فَاحِشَةً,immorality
ف خ ر‎, كَالْفَخَّارِ,like the pottery
ف د ي‎, فَدَيْ,to ransom
ف ر ت‎, فُرَاتٌ,and sweet
ف ر ث‎, فَرْثٍ,bowels
ف ر ج‎, فُرِجَتْ,to be cleft asunder
ف ر ح‎, فَرِحَ,to rejoice
ف ر د‎, فُرَادَىٰ,alone
ف ر ر‎, فَرَّتْ,to flee
ف ر ش‎, فَرَشْ,to spread
ف ر ض‎, فَرَضَ,"to specify, to ordain, to make obligatory"
ف ر ط‎, يَفْرُطَ,to hasten
ف ر ع‎, وَفَرْعُهَا,and its branches
ف ر غ‎, فَرَغْ,to finish
ف ر ق‎, فَرَقْ,to divide
ف ر ه‎, فَارِهِينَ,skillfully
ف ر ي‎, يَفْتَرِي,to invent
ف ز ز‎, يَسْتَفِزَّ,"to incite, to scare, to drive out"
ف ز ع‎, فَزِعَ,"to be terrified, to be afraid"
ف س ح‎, يَفْسَحِ,to make room
ف س د‎, فَسَدَتِ,"to be corrupted, to be ruined"
ف س ر‎, تَفْسِيرًا,explanation
ف س ق‎, فَسَقَ,to disobey defiantly
ف ش ل‎, فَشِلْ,to lose courage
ف ص ح‎, أَفْصَحُ,(is) more eloquent
ف ص ل‎, فَصَلَ,"to set out, to depart, to judge"
ف ص م‎, انْفِصَامَ,(will) break
ف ض ح‎, تَفْضَحُ,to shame
ف ض ض‎, ٱنفَضُّ,"to rush, to disperse"
ف ض ل‎, فَضَّلَ,"to bestow, to prefer, to favor"
ف ض و‎, أَفْضَىٰ,to go
ف ط ر‎, فَطَرَ,to create
ف ظ ظ‎, فَظًّا,rude
ف ع ل‎, فَعَلَ,to do
ف ق د‎, تَفْقِدُ,to miss
ف ق ر‎, الْفَقْرَ,[the] poverty
ف ق ع‎, فَاقِعٌ,bright
ف ق ه‎, يَفْقَهُ,to understand
ف ك ر‎, فَكَّرَ,to think
ف ك ك‎, فَكُّ,(It is) freeing
ف ك ه‎, تَفَكَّهُ,to wonder
ف ل ح‎, أَفْلَحَ,to succeed
ف ل ق‎, ٱنفَلَقَ,to part
ف ل ك‎, وَالْفُلْكِ,and the ships
ف ل ن‎, فُلَانًا,that one
ف ن د‎, تُفَنِّدُ,to weaken in mind
ف ن ن‎, أَفْنَانٍ,branches
ف ن ي‎, فَانٍ,(will) perish
ف ه م‎, فَهَّمْ,to give understanding
ف و ت‎, فَاتَ,to escape
ف و ج‎, فَوْجًا,a troop
ف و ر‎, فَارَ,"to overflow, to gush forth, to boil up"
ف و ز‎, فَازَ,"to be successful, to attain"
ف و ض‎, أُفَوِّضُ,to entrust
ف و ق‎, أَفَاقَ,to recover
ف و م‎, وَفُومِهَا,[and] its garlic
ف و ه‎, أَفْوَاهِهِمْ,their mouths
ف ي أ‎, فَآءُ,to return
ف ي ض‎, تَفِيضُ,to overflow
ف ي ل‎, الْفِيلِ,(of the) Elephant
ق ب ح‎, الْمَقْبُوحِينَ,the despised
ق ب ر‎, أَقْبَرَ,to provide a grave
ق ب س‎, نَقْتَبِسْ,to acquire
ق ب ض‎, قَبَضْ,"to withhold, to withdraw, to close"
ق ب ل‎, يَقْبَلُ,to accept
ق ت ر‎, يَقْتُرُ,to be stingy
ق ت ل‎, قَتَلَ,to kill
ق ث أ‎, وَقِثَّائِهَا,[and] its cucumbers
ق ح م‎, ٱقْتَحَمَ,to attempt
ق د ح‎, قَدْحًا,striking
ق د د‎, قُدَّ,to tear
ق د ر‎, قَدَرَ,"to restrict, to control, to have power"
ق د س‎, نُقَدِّسُ,to sanctify
ق د م‎, قَدِمْ,"to precede, to proceed"
ق د و‎, ٱقْتَدِهْ,to follow
ق ذ ف‎, قَذَفَ,"to cast, to throw, to hurl"
ق ر أ‎, قَرَأَ,"to read, to recite"
ق ر ب‎, يَقْرَبُ,"to approach, to go near"
ق ر ح‎, قَرْحٌ,a wound
ق ر د‎, قِرَدَةً,apes
ق ر ر‎, تَقَرَّ,"to cool, to comfort"
ق ر ض‎, تَّقْرِضُ,to pass
ق ر ط س‎, قِرْطَاسٍ,a parchment
ق ر ع‎, قَارِعَةٌ,a disaster
ق ر ف‎, ٱقْتَرَفْ,"to commit, to acquire, to earn"
ق ر ن‎, قَرْنٍ,generations
ق ر ي‎, الْقَرْيَةَ,town
ق س ر‎, قَسْوَرَةٍ,a lion
ق س س‎, قِسِّيسِينَ,(are) priests
ق س ط‎, تُقْسِطُ,to be just
ق س ط س‎, بِالْقِسْطَاسِ,with the balance
ق س م‎, قَسَمْ,to distribute
ق س و‎, قَسَتْ,to harden
ق ش ع ر‎, تَقْشَعِرُّ,to shiver
ق ص د‎, ٱقْصِدْ,to be moderate
ق ص ر‎, تَقْصُرُ,to shorten
ق ص ص‎, قَصَّ,to narrate
ق ص ف‎, قَاصِفًا,a hurricane
ق ص م‎, قَصَمْ,to shatter
ق ص و‎, أَقْصَى,(the) farthest end
ق ض ب‎, وَقَضْبًا,and green fodder
ق ض ض‎, يَنقَضَّ,to collapse
ق ض ي‎, قَضَىٰٓ,"to decree, to decide, to judge"
ق ط ر‎, أَقْطَارِهَا,all its sides
ق ط ط‎, قِطَّنَا,our share
ق ط ع‎, قُطِعَ,to cut
ق ط ف‎, قُطُوفُهَا,Its clusters of fruits
ق ط م ر‎, قِطْمِيرٍ,(as much as) the membrane of a date-seed
ق ع د‎, قَعَدَ,to sit
ق ع ر‎, مُنْقَعِرٍ,uprooted
ق ف ل‎, أَقْفَالُهَا,(are) locks
ق ف و‎, تَقْفُ,to pursue
ق ل ب‎, تُقْلَبُ,to return
ق ل د‎, الْقَلَائِدَ,the garlanded
ق ل ع‎, أَقْلِعِ,to withhold
ق ل ل‎, قَلَّ,to be little
ق ل م‎, أَقْلَامَهُمْ,their pens
ق ل ي‎, قَلَىٰ,to be displeased
ق م ح‎, مُقْمَحُونَ,(are with) heads raised up
ق م ر‎, الْقَمَرَ,the moon
ق م ص‎, قَمِيصِهِ,his shirt
ق م ط ر‎, قَمْطَرِيرًا,and distressful
ق م ع‎, مَقَامِعُ,(are) hooked rods
ق م ل‎, وَالْقُمَّلَ,and the lice
ق ن ت‎, يَقْنُتْ,to be obedient
ق ن ط‎, قَنَطُ,to despair
ق ن ط ر‎, وَالْقَنَاطِيرِ,and [the] heaps
ق ن ع‎, مُقْنِعِي,raised up
ق ن و‎, قِنْوَانٌ,clusters of dates
ق ن ي‎, وَأَقْنَىٰ,and suffices
ق ه ر‎, تَقْهَرْ,to oppress
ق و ب‎, قَابَ,(at) a distance
ق و ت‎, أَقْوَاتَهَا,its sustenance
ق و س‎, قَوْسَيْنِ,(of) two bow-(lengths)
ق و ع‎, قَاعًا,a level
ق و ل‎, قَالَ,to say
ق و م‎, قَامَ,"to stand up, to rise, to establish"
ق و ي‎, قَوِيٌّ,(is) All-Strong
ق ي ض‎, قَيَّضْ,"to appoint, to destine"
ق ي ل‎, قَائِلُونَ,were sleeping at noon
ك أ س‎, بِكَأْسٍ,a cup
ك ب ب‎, كُبَّتْ,to cast
ك ب ت‎, كُبِتَ,to be disgraced
ك ب د‎, كَبَدٍ,hardship
ك ب ر‎, كَبُرَ,to be great
ك ب ك ب‎, كُبْكِبُ,to overturn
ك ت ب‎, كَتَبَ,"to write, to prescribe, to ordain"
ك ت م‎, كَتَمَ,"to conceal, to hide"
ك ث ب‎, كَثِيبًا,a heap of sand
ك ث ر‎, كَثُرَ,"to be many, to be numerous"
ك د ح‎, كَدْحًا,(with) exertion
ك د ر‎, ٱنكَدَرَتْ,to fall and lose luster
ك د ي‎, أَكْدَىٰٓ,to withhold
ك ذ ب‎, كَذَبَ,"to deny, to lie"
ك ر ب‎, كَرْبٍ,distress
ك ر ر‎, كَرَّةً,a return
ك ر س‎, كُرْسِيُّهُ,His Throne
ك ر م‎, كَرَّمْ,to honor
ك ر ه‎, كَرِهَ,"to dislike, to hate"
ك س ب‎, كَسَبَ,to earn
ك س د‎, كَسَادَهَا,a decline (in) it
ك س ف‎, كِسْفًا,a portion
ك س ل‎, كُسَالَىٰ,lazily
ك س و‎, كَسَوْ,"to clothe, to cover"
ك ش ط‎, كُشِطَتْ,to strip away
ك ش ف‎, كَشَفَ,"to remove, to uncover"
ك ظ م‎, كَظِيمٌ,a suppressor
ك ع ب‎, الْكَعْبَيْنِ,the ankles
ك ف أ‎, كُفُوًا,equivalent
ك ف ت‎, كِفَاتًا,a receptacle
ك ف ر‎, كَفَرَ,to disbelieve
ك ف ف‎, كَفَّ,"to restrain, to withhold, to avert"
ك ف ل‎, يَكْفُلُ,"to take charge, to nurse, to rear"
ك ف ي‎, كَفَىٰ,to be sufficient
ك ل أ‎, يَكْلَؤُ,to protect
ك ل ب‎, الْكَلْبِ,(of) the dog
ك ل ح‎, كَالِحُونَ,(will) grin with displaced lips
ك ل ف‎, يُكَلِّفُ,to burden
ك ل ل‎, كُلِّ,every
ك ل م‎, كَلَّمَ,to speak
ك ل و‎, كِلَاهُمَا,both of them
ك م ل‎, أَكْمَلْ,"to perfect, to complete"
ك م م‎, أَكْمَامِهَا,their coverings
ك م ه‎, الْأَكْمَهَ,the blind
ك ن د‎, لَكَنُودٌ,(is) surely ungrateful
ك ن ز‎, كَنَزْ,to hoard
ك ن س‎, الْكُنَّسِ,(and) disappear
ك ن ن‎, أَكْنَن,to conceal
ك ه ف‎, الْكَهْفِ,(of) the cave
ك ه ل‎, وَكَهْلًا,and (in) maturity
ك ه ن‎, بِكَاهِنٍ,a soothsayer
ك و ب‎, وَأَكْوَابٍ,and cups
ك و د‎, كَادَ,"to be near, to nearly do, to almost do"
ك و ر‎, كُوِّرَتْ,to wrap
ك و ك ب‎, كَوْكَبًا,a star
ك و ن‎, كَانَ,to be
ك و ي‎, تُكْوَىٰ,to brand
ك ي د‎, كِيدُ,"to scheme, to plot, to plan"
ك ي ف‎, كَيْفَ,How
ك ي ل‎, كَالُ,to measure
ك ي ن‎, ٱسْتَكَانُ,"to give in, to submit"
ل أ ل أ‎, وَلُؤْلُؤًا,and pearl
ل ب ب‎, الْأَلْبَابِ,(of) understanding
ل ب ث‎, لَبِثَ,"to remain, to stay, to hesitate, to delay"
ل ب د‎, لُبَدًا,abundant
ل ب س‎, لَبَسْ,"to obscure, to confuse, to mix, to wear"
ل ب ن‎, لَبَنًا,milk
ل ج أ‎, مَلْجَأً,a refuge
ل ج ج‎, لَّجُّ,to persist
ل ح د‎, يُلْحِدُ,"to deviate, to distort"
ل ح ف‎, إِلْحَافًا,with importunity
ل ح ق‎, يَلْحَقُ,to join
ل ح م‎, وَلَحْمَ,and flesh
ل ح ن‎, لَحْنِ,(the) tone
ل ح ي‎, بِلِحْيَتِي,by my beard
ل د د‎, أَلَدُّ,(is) the most quarrelsome
ل د ن‎, لَدُنْكَ,Yourself
ل ذ ذ‎, تَلَذُّ,to delight
ل ز ب‎, لَازِبٍ,sticky
ل ز م‎, أَلْزَمَ,"to compel, to make adhere"
ل س ن‎, أَلْسِنَتَهُمْ,their tongues
ل ط ف‎, يَتَلَطَّفْ,to be cautious
ل ظ ي‎, تَلَظَّىٰ,to blaze
ل ع ب‎, يَلْعَبْ,to play
ل ع ن‎, لَعَنَ,to curse
ل غ ب‎, لُغُوبٌ,weariness
ل غ و‎, ٱلْغَ,to make noise
ل ف ت‎, تَلْفِتَ,to turn away
ل ف ح‎, تَلْفَحُ,to burn
ل ف ظ‎, يَلْفِظُ,to utter
ل ف ف‎, ٱلْتَفَّتِ,to wind
ل ف و‎, أَلْفَ,to find
ل ق ب‎, بِالْأَلْقَابِ,by nicknames
ل ق ح‎, لَوَاقِحَ,fertilizing
ل ق ط‎, ٱلْتَقَطَ,to pick
ل ق ف‎, تَلْقَفُ,to swallow
ل ق م‎, ٱلْتَقَمَ,to swallow
ل ق ي‎, لَقُ,"to receive, to meet"
ل م ح‎, كَلَمْحِ,as a twinkling
ل م ز‎, يَلْمِزُ,"to criticize, to insult"
ل م س‎, لَمَسُ,"to touch, to have contact"
ل م م‎, لُمَّ,"to bring forward, to come"
ل ه ب‎, اللَّهَبِ,the flame
ل ه ث‎, يَلْهَثْ,to loll the tongue
ل ه م‎, أَلْهَمَ,to inspire
ل ه و‎, تَلَهَّىٰ,"to distract, to divert"
ل و ت‎, لَاتَ,to not be
ل و ح‎, لَوَّاحَةٌ,Scorching
ل و ذ‎, لِوَاذًا,under shelter
ل و م‎, لُمْ,to blame
ل و ن‎, لَوْنُهَا,(is) its color
ل و ي‎, يَلْ,to distort
ل ي ت‎, يَلِتْ,to deprive
ل ي س‎, لَّيْسَ,to not be
ل ي ل‎, اللَّيْلِ,of the night
ل ي ن‎, لِن,"to deal gently, to relax"
م أ ي‎, مِائَةَ,(for) a hundred
م ت ع‎, مَّتَّعْ,"to grant, to bestow, to provide"
م ت ن‎, مَتِينٌ,(is) firm
م ث ل‎, تَمَثَّلَ,to assume a likeness
م ج د‎, مَجِيدٌ,All-Glorious
م ج س‎, وَالْمَجُوسَ,and the Magians
م ح ص‎, يُمَحِّصَ,"to purify, to purge"
م ح ق‎, يَمْحَقُ,to destroy
م ح ل‎, الْمِحَالِ,(in) Strength
م ح ن‎, ٱمْتَحَنَ,"to test, to examine"
م ح و‎, مَحَوْ,"to eliminate, to erase"
م خ ر‎, مَوَاخِرَ,ploughing
م خ ض‎, الْمَخَاضُ,the pains of childbirth
م د د‎, مَدَّ,"to spread, to extend, to prolong"
م د ن‎, الْمَدَائِنِ,the cities
م ر أ‎, امْرَأَ,an evil man
م ر ج‎, مَرَجَ,to release
م ر ح‎, تَمْرَحُ,to be insolent
م ر د‎, مَرَدُ,to persist
م ر ر‎, مَرَّ,"to pass, to continue"
م ر ض‎, مَرِضْ,to be ill
م ر ي‎, تَمَارَ,"to dispute, to doubt"
م ز ج‎, مِزَاجُهَا,its mixture
م ز ق‎, مُزِّقْ,"to disintegrate, to disperse"
م ز ن‎, الْمُزْنِ,the rain clouds
م س ح‎, ٱمْسَحُ,to wipe
م س خ‎, مَسَخْ,to transform
م س د‎, مَسَدٍ,palm-fiber
م س س‎, مَسَّ,to touch
م س ك‎, يُمَسِّكُ,to hold fast
م س و‎, تُمْسُ,to reach evening
م ش ج‎, أَمْشَاجٍ,a mixture
م ش ي‎, مَّشَ,to walk
م ص ر‎, بِمِصْرَ,in Egypt
م ض غ‎, مُضْغَةٍ,an embryonic lump
م ض ي‎, مَضَىٰ,"to go on, to continue, to pass"
م ط ر‎, أُمْطِرَتْ,"to shower, to send rain"
م ط و‎, يَتَمَطَّىٰٓ,to swagger
م ع ز‎, الْمَعْزِ,the goats
م ع ن‎, الْمَاعُونَ,[the] small kindnesses
م ع ي‎, أَمْعَاءَهُمْ,their intestines
م ق ت‎, وَمَقْتًا,and hateful
م ك ث‎, مَكَثَ,"to stay, to remain"
م ك ر‎, مَكَرَ,"to plot, to scheme, to plan"
م ك ن‎, مَكَّ,to establish
م ك و‎, مُكَاءً,whistling
م ل أ‎, مُلِئَتْ,to fill
م ل ح‎, مِلْحٌ,salty
م ل ق‎, إِمْلَاقٍ,poverty
م ل ك‎, مَلَكَتْ,"to possess, to have power"
م ل ل‎, يُمِلَّ,to dictate
م ل و‎, أَمْلَىٰ,to give respite
م ن ع‎, مَّنَعَ,to prevent
م ن ن‎, مَنَّ,to favor
م ن ي‎, تَمَنَّىٰٓ,to wish
م ه د‎, يَمْهَدُ,to prepare
م ه ل‎, مَهِّلِ,to give respite
م ه ن‎, مَهِينٍ,despised
م و ت‎, مَّاتَ,to die
م و ج‎, يَمُوجُ,to surge
م و ر‎, تَمُورُ,"to shake, to sway"
م و ل‎, الْأَمْوَالِ,[the] wealth
م و ه‎, مَاءً,water
م ي د‎, تَمِيدَ,to shake
م ي ر‎, نَمِيرُ,to get provision
م ي ز‎, يَمِيزَ,"to sepearte, to distinguish, to stand apart"
م ي ل‎, يَمِيلُ,"to deviate, to assult, to incline"
ن أ ي‎, نَـَٔا,"to distance, to become remote, to keep away"
ن ب أ‎, نَبَّأَ,to inform
ن ب ت‎, تَنۢبُتُ,to produce
ن ب ذ‎, نَبَذَ,"to throw, to cast"
ن ب ز‎, تَنَابَزُ,to call
ن ب ط‎, يَسْتَنۢبِطُ,to draw correct conclusion
ن ب ع‎, يَنْبُوعًا,a spring
ن ت ق‎, نَتَقْ,to raise
ن ث ر‎, ٱنتَثَرَتْ,to scatter
ن ج د‎, النَّجْدَيْنِ,the two ways
ن ج س‎, نَجَسٌ,(are) unclean
ن ج م‎, النُّجُومَ,the stars
ن ج و‎, نَجَا,"to save, to escape"
ن ح ب‎, نَحْبَهُ,his vow
ن ح ت‎, يَنْحِتُ,to carve
ن ح ر‎, ٱنْحَرْ,to sacrifice
ن ح س‎, وَنُحَاسٌ,and smoke
ن ح ل‎, النَّحْلِ,the bee
ن خ ر‎, نَخِرَةً,decayed
ن خ ل‎, النَّخْلِ,the date-palm
ن د د‎, أَنْدَادًا,rivals
ن د م‎, النَّدَامَةَ,the regret
ن د و‎, تَنَادَ,to call
ن ذ ر‎, نَذَرْ,"to vow, to worn"
ن ز ع‎, نَزَعَ,"to take way, to remove, to withdraw"
ن ز غ‎, نَّزَغَ,to cause discord
ن ز ف‎, يُنزَفُ,to be intoxicated
ن ز ل‎, نَزَلَ,"to descend, to bring down"
ن س أ‎, مِنْسَأَتَهُ,his staff
ن س ب‎, أَنْسَابَ,(there) will be relationship
ن س خ‎, يَنسَخُ,"to abolish, to abrogate"
ن س ر‎, نَسْر,Proper noun
ن س ف‎, نُسِفَتْ,"to scatter, to blow away, to blast"
ن س ك‎, مَنَاسِكَنَا,our ways of worship
ن س ل‎, يَنسِلُ,"to descend, to hasten"
ن س و‎, نِسَاءَكُمْ,your women
ن س ي‎, نَسِىَ,to forget
ن ش أ‎, يُنَشَّؤُا۟,to bring up
ن ش ر‎, نُشِرَتْ,"to spread, to lay open"
ن ش ز‎, ٱنشُزُ,to rise
ن ش ط‎, نَشْطًا,gently
ن ص ب‎, نُصِبَتْ,"to be fixed, to labour"
ن ص ت‎, أَنصِتُ,"to listen, to play attention"
ن ص ح‎, نَصَحُ,to advise
ن ص ر‎, نَصَرَ,to help
ن ص ف‎, فَنِصْفُ,then (give) half
ن ص ي‎, بِنَاصِيَتِهَا,of its forelock
ن ض ج‎, نَضِجَتْ,to roast
ن ض خ‎, نَضَّاخَتَانِ,gushing forth
ن ض د‎, نَضِيدٌ,arranged
ن ض ر‎, نَضْرَةً,radiance
ن ط ح‎, وَالنَّطِيحَةُ,and that which is gored by horns
ن ط ف‎, نُطْفَةٍ,a minute quantity of semen
ن ط ق‎, يَنطِقُ,to speak
ن ظ ر‎, نَّظَرَ,"to look, to see"
ن ع ج‎, نَعْجَةً,ewe(s)
ن ع س‎, نُعَاسًا,slumber
ن ع ق‎, يَنْعِقُ,to shout
ن ع ل‎, نَعْلَيْكَ,your shoes
ن ع م‎, نِعْمَ,to be excellent
ن غ ض‎, يُنْغِضُ,to shake
ن ف ث‎, النَّفَّاثَاتِ,(of) the blowers
ن ف ح‎, نَفْحَةٌ,a whiff
ن ف خ‎, نَفَخَ,"to blow, to breathe"
ن ف د‎, نَفِدَ,to be exhausted
ن ف ذ‎, تَنفُذُ,to pass
ن ف ر‎, نَفَرَ,to go forth
ن ف س‎, تَنَفَّسَ,to breathe
ن ف ش‎, نَفَشَتْ,to pasture
ن ف ع‎, نَفَعَ,"to profit, to benifit"
ن ف ق‎, نَافَقُ,to be hypocritical
ن ف ل‎, الْأَنْفَالِ,the spoils of war
ن ف ي‎, يُنفَ,to exile
ن ق ب‎, نَقَّبُ,to explore
ن ق ذ‎, أَنقَذَ,to save
ن ق ر‎, نُقِرَ,to blow
ن ق ص‎, يُنقَصُ,"to decrease, to reduce, to lessen"
ن ق ض‎, نَقَضَتْ,to break
ن ق ع‎, نَقْعًا,dust
ن ق م‎, نَقَمُ,"to resent, to take revenge"
ن ك ب‎, مَنَاكِبِهَا,(the) paths thereof
ن ك ث‎, نَّكَثَ,to break (oath)
ن ك ح‎, نَكَحَ,to marry
ن ك د‎, نَكِدًا,(with) difficulty
ن ك ر‎, نَكِرَ,to feel unfamiliar
ن ك س‎, نُكِسُ,to turn
ن ك ص‎, نَكَصَ,to turn
ن ك ف‎, ٱسْتَنكَفُ,to disdain
ن ك ل‎, أَنْكَالًا,(are) shackles
ن م ل‎, الْأَنَامِلَ,the finger tips
ن م م‎, بِنَمِيمٍ,with malicious gossip
ن ه ج‎, وَمِنْهَاجًا,and a clear way
ن ه ر‎, تَنْهَرْ,to repel
ن ه ي‎, نَهَىٰ,to forbid
ن و أ‎, تَنُوٓأُ,to burden
ن و ب‎, أَنَابَ,to turn
ن و ر‎, نَارًا,a fire
ن و س‎, النَّاسِ,the people
ن و ش‎, التَّنَاوُشُ,(will be) the receiving
ن و ص‎, مَنَاصٍ,(for) escape
ن و ق‎, نَاقَةُ,(is) a she-camel
ن و م‎, مَنَامِكَ,your dream
ن و ن‎, النُّونِ,And Dhun-Nun
ن و ي‎, وَالنَّوَىٰ,and the date-seed
ن ي ل‎, يَنَالُ,to reach
ه أ ت‎, هَاتُ,to bring
ه ب ط‎, يَهْبِطُ,to go down
ه ب و‎, هَبَاءً,(as) dust
ه ج د‎, تَهَجَّدْ,to arise from sleep for prayer
ه ج ر‎, ٱهْجُرْ,to avoid
ه ج ع‎, يَهْجَعُ,to sleep
ه د د‎, هَدًّا,(in) devastation
ه د م‎, هُدِّمَتْ,to demolish
ه د ه د‎, الْهُدْهُدَ,the hoopoe
ه د ي‎, هَدَى,to guide
ه ر ب‎, هَرَبًا,(by) flight
ه ر ع‎, يُهْرَعُ,"to rush, to hasten"
ه ز أ‎, ٱسْتُهْزِئَ,"to mock, to ridicule"
ه ز ز‎, هُزِّ,to shake
ه ز ل‎, بِالْهَزْلِ,(is) for amusement
ه ز م‎, هَزَمُ,to defeat
ه ش ش‎, أَهُشُّ,to bring down leaves
ه ش م‎, هَشِيمًا,dry stalks
ه ض م‎, هَضْمًا,deprivation
ه ط ع‎, مُهْطِعِينَ,Racing ahead
ه ل ع‎, هَلُوعًا,anxious 
ه ل ك‎, هَلَكَ,"to die, to be destroyed"
ه ل ل‎, أُهِلَّ,to to be dedicated
ه م د‎, هَامِدَةً,barren
ه م ر‎, مُنْهَمِرٍ,pouring down
ه م ز‎, هَمَّازٍ,Defamer
ه م س‎, هَمْسًا,a faint sound
ه م م‎, هَمَّ,"to determine, to plan, to plot, to desire"
ه م ن‎, الْمُهَيْمِنُ,the Guardian
ه ن أ‎, هَنِيئًا,(in) satisfaction
ه و د‎, هَادُ,to be Jewish
ه و ر‎, ٱنْهَارَ,to collapse
ه و ن‎, أَهَٰنَ,to humiliate
ه و ي‎, هَوَىٰ,to desire
ه ي أ‎, يُهَيِّئْ,to facilitate
ه ي ت‎, هَيْتَ,to Come on
ه ي ج‎, يَهِيجُ,"to wither, to dry"
ه ي ل‎, مَهِيلًا,pouring down
ه ي م‎, يَهِيمُ,to roam
و أ د‎, الْمَوْءُودَةُ,the female infant buried alive
و أ ل‎, مَوْئِلًا,an escape
و ب ر‎, وَأَوْبَارِهَا,and their fur
و ب ق‎, يُوبِقْ,to destroy
و ب ل‎, وَابِلٌ,heavy rain
و ت د‎, الْأَوْتَادِ,(of) the stakes
و ت ر‎, يَتِرَ,to deprive
و ت ن‎, الْوَتِينَ,the aorta
و ث ق‎, وَاثَقَ,to bound
و ث ن‎, الْأَوْثَانِ,the idols
و ج ب‎, وَجَبَتْ,to be down
و ج د‎, وَجَدَ,to find
و ج س‎, أَوْجَسَ,"to feel, to sense"
و ج ف‎, أَوْجَفْ,to make expedition
و ج ل‎, وَجِلَتْ,"to feel fear, to be afraid"
و ج ه‎, وَجَّهْ,"to direct, to turn"
و ح د‎, وَاحِدٍ,(of) one (kind)
و ح ش‎, الْوُحُوشُ,the wild beasts
و ح ي‎, أَوْحَىٰٓ,"to reveal, to inspire"
و د د‎, وَدَّ,"to love, to wish"
و د ع‎, دَعْ,to disregard
و د ق‎, الْوَدْقَ,the rain
و د ي‎, أَوْدِيَةٌ,the valleys
و ذ ر‎, يَذَرَ,"to leave, to forsake"
و ر ث‎, وَرِثَ,to inherit
و ر د‎, وَرَدَ,to come
و ر ق‎, بِوَرِقِكُمْ,with this silver coin of yours
و ر ي‎, وُۥرِىَ,"to hide, to conceal, to cover"
و ز ر‎, يَزِرُ,to bear
و ز ع‎, يُوزَعُ,to set in rows
و ز ن‎, وَّزَنُ,to weigh
و س ط‎, وَسَطْ,to penetrate the center
و س ع‎, وَسِعَ,"to encompass, to extend"
و س ق‎, وَسَقَ,to envelops
و س ل‎, الْوَسِيلَةَ,the means
و س م‎, نَسِمُ,to brand
و س ن‎, سِنَةٌ,slumber
و س و س‎, وَسْوَسَ,to whisper
و ش ي‎, شِيَةَ,blemish
و ص ب‎, وَاصِبًا,constantly
و ص د‎, مُؤْصَدَةٌ,closed in
و ص ف‎, يَصِفُ,"to attribute, to ascribe"
و ص ل‎, يَصِلُ,"to join, to reach"
و ص ي‎, يُوصِي,to make
و ض ع‎, وَضَعَ,"to deliver, to give birth"
و ض ن‎, مَوْضُونَةٍ,decorated
و ط أ‎, يَطَـُٔ,"to step, to trod, to trample"
و ط ر‎, وَطَرًا,necessary (formalities)
و ط ن‎, مَوَاطِنَ,regions
و ع د‎, وَعَدَ,to promise
و ع ظ‎, وَعَظْ,"to instruct, to advise, to preach"
و ع ي‎, تَعِيَ,to be conscious
و ف د‎, وَفْدًا,(as) a delegation
و ف ر‎, مَوْفُورًا,ample
و ف ض‎, يُوفِضُ,to hasten
و ف ق‎, يُوَفِّقِ,to cause reconciliation
و ف ي‎, وَفَّىٰٓ,"to pay in full, to fulfill"
و ق ب‎, وَقَبَ,to spread
و ق ت‎, أُقِّتَتْ,to be gathered to an appointed time
و ق د‎, أَوْقَدُ,"to kindle, to heat, to ignite, to light"
و ق ذ‎, وَالْمَوْقُوذَةُ,and that which is hit fatally
و ق ر‎, تُوَقِّرُ,to respect
و ق ع‎, وَقَعَ,"to fall, to occur, to fulfill"
و ق ف‎, وُقِفُ,to make stand
و ق ي‎, وَقَىٰ,"to save, to protect"
و ك أ‎, أَتَوَكَّؤُا۟,to lean
و ك د‎, تَوْكِيدِهَا,their confirmation
و ك ز‎, وَكَزَ,to strike
و ك ل‎, وُكِّلَ,"to entrust, to put in charge"
و ل ج‎, يَلِجَ,"to penetrate, to pass"
و ل د‎, وَلَدَ,"to beget, to be born"
و ل ي‎, يَلُ,to be close
و ن ي‎, تَنِيَ,to slacken
و ه ب‎, وَهَبَ,"to grant, to bestow"
و ه ج‎, وَهَّاجًا,burning
و ه ن‎, وَهَنَ,to weaken
و ه ي‎, وَاهِيَةٌ,frail
ي أ س‎, يَئِسَ,to despair
ي ب س‎, يَابِسَاتٍ,dry
ي ت م‎, وَالْيَتَامَىٰ,and [the] orphans
ي د ي‎, يَدَيْهَا,(of) them
ي س ر‎, يَسَّرَ,to make easy
ي ق ظ‎, أَيْقَاظًا,awake
ي ق ن‎, يُوقِنُ,to believe firmly
ي م م‎, تَيَمَّمُ,"to aim, to do tayammum"
ي م ن‎, الْأَيْمَنِ,the right
ي ن ع‎, وَيَنْعِهِ,and its ripening
ي و م‎, يَوْمِ,(of the) Day
